<?xml version="1.0" encoding="utf-8"?>
<HI1Message xmlns="http://uri.etsi.org/03120/common/2019/10/Core" xmlns:xsi="http://www.w3.org/2001/XMLSchema-instance" xmlns:common="http://uri.etsi.org/03120/common/2016/02/Common" xmlns:task="http://uri.etsi.org/03120/common/2020/09/Task" xmlns:auth="http://uri.etsi.org/03120/common/2020/09/Authorisation">
  <Header>
    <SenderIdentifier>
      <CountryCode>XX</CountryCode>
      <UniqueIdentifier>ACTOR01</UniqueIdentifier>
    </SenderIdentifier>
    <ReceiverIdentifier>
      <CountryCode>XX</CountryCode>
      <UniqueIdentifier>ACTOR02</UniqueIdentifier>
    </ReceiverIdentifier>
    <TransactionIdentifier>45002c1e-dc4a-470a-9152-8e752638c86c</TransactionIdentifier>
    <Timestamp>2015-09-01T12:01:00.000000Z</Timestamp>
    <Version>
      <ETSIVersion>V1.12.1</ETSIVersion>
      <NationalProfileOwner>XX</NationalProfileOwner>
      <NationalProfileVersion>v1.0</NationalProfileVersion>
    </Version>
  </Header>
  <Payload>
    <RequestPayload>
      <ActionRequests>
          <ActionRequest>
            <ActionIdentifier>0</ActionIdentifier>
            <GET>
              <Identifier>2b36a78b-b628-416d-bd22-404e68a0cd36</Identifier>
            </GET>
          </ActionRequest>
          <ActionRequest>
            <ActionIdentifier>1</ActionIdentifier>
            <GET>
              <Identifier>7dbbc880-8750-4d3c-abe7-ea4a17646045</Identifier>
            </GET>
          </ActionRequest>
      </ActionRequests>
    </RequestPayload>
  </Payload>
</HI1Message>
