<?xml version="1.0" encoding="utf-8"?>
<HI1Message xmlns="http://uri.etsi.org/03120/common/2019/10/Core" xmlns:xsi="http://www.w3.org/2001/XMLSchema-instance" xmlns:common="http://uri.etsi.org/03120/common/2016/02/Common" xmlns:task="http://uri.etsi.org/03120/common/2020/09/Task" xmlns:auth="http://uri.etsi.org/03120/common/2020/09/Authorisation">
  <Header>
    <SenderIdentifier>
      <CountryCode>XX</CountryCode>
      <UniqueIdentifier>ACTOR01</UniqueIdentifier>
    </SenderIdentifier>
    <ReceiverIdentifier>
      <CountryCode>XX</CountryCode>
      <UniqueIdentifier>ACTOR02</UniqueIdentifier>
    </ReceiverIdentifier>
    <TransactionIdentifier>c02358b2-76cf-4ba4-a8eb-f6436ccaea2f</TransactionIdentifier>
    <Timestamp>2021-10-11T13:37:00.000000Z</Timestamp>
    <Version>
      <ETSIVersion>V1.12.1</ETSIVersion>
      <NationalProfileOwner>XX</NationalProfileOwner>
      <NationalProfileVersion>v1.0</NationalProfileVersion>
    </Version>
  </Header>
  <Payload>
    <RequestPayload>
      <ActionRequests>
        <ActionRequest>
          <ActionIdentifier>0</ActionIdentifier>
          <CREATE>
            <HI1Object xsi:type="auth:AuthorisationObject">
              <ObjectIdentifier>7dbbc880-8750-4d3c-abe7-ea4a1764604f</ObjectIdentifier>
              <CountryCode>XX</CountryCode>
              <OwnerIdentifier>ACTOR01</OwnerIdentifier>
              <auth:AuthorisationReference>W000001</auth:AuthorisationReference>
              <auth:AuthorisationTimespan>
                <auth:StartTime>2021-10-11T12:00:00Z</auth:StartTime>
                <auth:EndTime>2021-12-01T12:00:00Z</auth:EndTime>
              </auth:AuthorisationTimespan>
            </HI1Object>
          </CREATE>
        </ActionRequest>
        <ActionRequest>
          <ActionIdentifier>1</ActionIdentifier>
          <CREATE>
            <HI1Object xsi:type="task:LDTaskObject">
              <ObjectIdentifier>2b36a78b-b628-416d-bd22-404e68a0cd3f</ObjectIdentifier>
              <CountryCode>XX</CountryCode>
              <OwnerIdentifier>ACTOR01</OwnerIdentifier>
              <AssociatedObjects>
                <AssociatedObject>7dbbc880-8750-4d3c-abe7-ea4a1764604f</AssociatedObject>
              </AssociatedObjects>
              <task:Reference>XX-ACTOR01-1234</task:Reference>
              <task:RequestDetails>
                <task:ObservedTimes>2021-10-03T12:32:12Z</task:ObservedTimes>
                <task:ObservedTimes>2021-10-03T12:35:34Z</task:ObservedTimes>
                <task:ObservedTimes>2021-10-03T13:37:00Z</task:ObservedTimes>
                <task:RequestValues>
                  <task:RequestValue>
                    <task:FormatType>
                      <task:FormatOwner>ETSI</task:FormatOwner>
                      <task:FormatName>IPv4Address</task:FormatName>
                    </task:FormatType>
                    <task:Value>192.0.2.23</task:Value>
                  </task:RequestValue>
                </task:RequestValues>
              </task:RequestDetails>
              <task:DeliveryDetails>
                <task:LDDeliveryDestination>
                  <task:DeliveryAddress>
                    <task:EndpointID>
                     <CountryCode>XX</CountryCode>
                     <UniqueIdentifier>ACTOR01</UniqueIdentifier>
                    </task:EndpointID>
                  </task:DeliveryAddress>
                </task:LDDeliveryDestination>
              </task:DeliveryDetails>
              <task:CSPID>
                <CountryCode>XX</CountryCode>
                <UniqueIdentifier>ACTOR02</UniqueIdentifier>
              </task:CSPID>
            </HI1Object>
          </CREATE>
        </ActionRequest>
      </ActionRequests>
    </RequestPayload>
  </Payload>
</HI1Message>
