<?xml version="1.0" encoding="utf-8"?>
<HI1Message xmlns="http://uri.etsi.org/03120/common/2019/10/Core" xmlns:xsi="http://www.w3.org/2001/XMLSchema-instance" xmlns:task="http://uri.etsi.org/03120/common/2020/09/Task" xmlns:delivery="http://uri.etsi.org/03120/common/2019/10/Delivery" xmlns:common="http://uri.etsi.org/03120/common/2016/02/Common">
  <Header>
    <SenderIdentifier>
      <CountryCode>XX</CountryCode>
      <UniqueIdentifier>ACTOR2</UniqueIdentifier>
    </SenderIdentifier>
    <ReceiverIdentifier>
      <CountryCode>XX</CountryCode>
      <UniqueIdentifier>ACTOR1</UniqueIdentifier>
    </ReceiverIdentifier>
    <TransactionIdentifier>8854cfad-44ac-43b8-99ae-530b690b43da</TransactionIdentifier>
    <Timestamp>2019-09-30T13:37:37.000000Z</Timestamp>
    <Version>
      <ETSIVersion>V1.12.1</ETSIVersion>
      <NationalProfileOwner>XX</NationalProfileOwner>
      <NationalProfileVersion>v1.0</NationalProfileVersion>
    </Version>
  </Header>
  <Payload>
    <RequestPayload>
      <ActionRequests>
        <ActionRequest>
          <ActionIdentifier>0</ActionIdentifier>
          <DELIVER>
            <Identifier>71ff52ca-bcea-4fa3-b34e-1b89dcfb0d9e</Identifier>
            <HI1Object xsi:type="delivery:DeliveryObject">
              <ObjectIdentifier>71ff52ca-bcea-4fa3-b34e-1b89dcfb0d9e</ObjectIdentifier>
              <AssociatedObjects>
                <AssociatedObject>2b36a78b-b628-416d-bd22-404e68a0cd36</AssociatedObject>
              </AssociatedObjects>
              <delivery:Reference>
                <delivery:LDID>XX-ACTOR01-1234</delivery:LDID>
              </delivery:Reference>
              <delivery:DeliveryID>d1079830-8e9a-4731-8fb7-36b9b961eb72</delivery:DeliveryID>
              <delivery:SequenceNumber>1</delivery:SequenceNumber>
              <delivery:LastSequence>true</delivery:LastSequence>
              <delivery:Manifest>
                <delivery:Specification>
                  <common:Owner>ETSI</common:Owner>
                  <common:Name>ManifestSpecification</common:Name>
                  <common:Value>TS102657-XML</common:Value>
                </delivery:Specification>
              </delivery:Manifest>
              <delivery:Delivery>
                <delivery:BinaryData>
                  <delivery:Data>VGhpcyBpc24ndCBhY3R1YWxseSBhbiBpbWFnZS4=</delivery:Data>
                  <delivery:ContentType>image/jpeg</delivery:ContentType>
                  <delivery:Checksum>98ecb6a08c34a97f6edc0e97ddcd32cb139e2253825186a817ddb24997ccd68f</delivery:Checksum>
                </delivery:BinaryData>
              </delivery:Delivery>
            </HI1Object>
          </DELIVER>
        </ActionRequest>
      </ActionRequests>
    </RequestPayload>
  </Payload>
</HI1Message>
