<?xml version="1.0" encoding="utf-8"?>
<HI1Message xmlns="http://uri.etsi.org/03120/common/2019/10/Core" xmlns:xsi="http://www.w3.org/2001/XMLSchema-instance" xmlns:common="http://uri.etsi.org/03120/common/2016/02/Common" xmlns:task="http://uri.etsi.org/03120/common/2020/09/Task" xmlns:auth="http://uri.etsi.org/03120/common/2020/09/Authorisation">
  <Header>
    <SenderIdentifier>
      <CountryCode>XX</CountryCode>
      <UniqueIdentifier>ACTOR01</UniqueIdentifier>
    </SenderIdentifier>
    <ReceiverIdentifier>
      <CountryCode>XX</CountryCode>
      <UniqueIdentifier>ACTOR02</UniqueIdentifier>
    </ReceiverIdentifier>
    <TransactionIdentifier>45002c1e-dc4a-470a-9152-8e752638c86c</TransactionIdentifier>
    <Timestamp>2015-09-01T12:01:00.000000Z</Timestamp>
    <Version>
      <ETSIVersion>V1.12.1</ETSIVersion>
      <NationalProfileOwner>XX</NationalProfileOwner>
      <NationalProfileVersion>v1.0</NationalProfileVersion>
    </Version>
  </Header>
  <Payload>
    <ResponsePayload>
      <ActionResponses>
          <ActionResponse>
            <ActionIdentifier>0</ActionIdentifier>
            <GETResponse>
              <HI1Object xsi:type="auth:AuthorisationObject">
                <ObjectIdentifier>7dbbc880-8750-4d3c-abe7-ea4a17646045</ObjectIdentifier>
                <CountryCode>XX</CountryCode>
                <OwnerIdentifier>ACTOR01</OwnerIdentifier>
                <Generation>1</Generation>
                <LastChanged>2015-09-01T12:00:00Z</LastChanged>
                <auth:AuthorisationReference>W000001</auth:AuthorisationReference>
                <auth:AuthorisationStatus>
                  <common:Owner>ETSI</common:Owner>
                  <common:Name>AuthorisationStatus</common:Name>
                  <common:Value>Invalid</common:Value>
                </auth:AuthorisationStatus>
                <auth:AuthorisationTimespan>
                  <auth:StartTime>2015-09-01T12:00:00Z</auth:StartTime>
                  <auth:EndTime>2015-12-01T12:00:00Z</auth:EndTime>
                </auth:AuthorisationTimespan>
                <auth:AuthorisationInvalidReason>
                  <ErrorCode>3000</ErrorCode>
                  <ErrorDescription>The Authorisation is not associated with a valid Warrant Document Object</ErrorDescription>
                </auth:AuthorisationInvalidReason>
              </HI1Object>
            </GETResponse>
          </ActionResponse>
          <ActionResponse>
            <ActionIdentifier>0</ActionIdentifier>
              <GETResponse>
                <HI1Object xsi:type="task:LITaskObject">
                  <ObjectIdentifier>2b36a78b-b628-416d-bd22-404e68a0cd36</ObjectIdentifier>
                  <CountryCode>XX</CountryCode>
                  <OwnerIdentifier>ACTOR01</OwnerIdentifier>
                  <Generation>1</Generation>
                  <AssociatedObjects>
                    <AssociatedObject>7dbbc880-8750-4d3c-abe7-ea4a17646045</AssociatedObject>
                  </AssociatedObjects>
                  <LastChanged>2015-09-01T12:00:00Z</LastChanged>
                  <task:Reference>LIID1</task:Reference>
                  <task:Status>
                    <common:Owner>ETSI</common:Owner>
                    <common:Name>TaskStatus</common:Name>
                    <common:Value>Invalid</common:Value>
                  </task:Status>
                  <task:TargetIdentifier>
                    <task:TargetIdentifierValues>
                      <task:TargetIdentifierValue>
                        <task:FormatType>
                          <task:FormatOwner>ETSI</task:FormatOwner>
                          <task:FormatName>InternationalE164</task:FormatName>
                        </task:FormatType>
                        <task:Value>442079460223</task:Value>
                      </task:TargetIdentifierValue>
                    </task:TargetIdentifierValues>
                  </task:TargetIdentifier>
                  <task:DeliveryType>
                    <common:Owner>ETSI</common:Owner>
                    <common:Name>TaskDeliveryType</common:Name>
                    <common:Value>IRIandCC</common:Value>
                  </task:DeliveryType>
                  <task:DeliveryDetails>
                    <task:DeliveryDestination>
                      <task:DeliveryAddress>
                        <task:IPv4Address>192.0.2.0</task:IPv4Address>
                      </task:DeliveryAddress>
                    </task:DeliveryDestination>
                  </task:DeliveryDetails>
                  <task:CSPID>
                    <CountryCode>XX</CountryCode>
                    <UniqueIdentifier>ACTOR02</UniqueIdentifier>
                  </task:CSPID>
                  <task:InvalidReason>
                    <ErrorCode>3000</ErrorCode>
                    <ErrorDescription>The associated Authorisation is in an Invalid state</ErrorDescription>
                  </task:InvalidReason>
                </HI1Object>
             </GETResponse>
          </ActionResponse>
      </ActionResponses>
    </ResponsePayload>
  </Payload>
</HI1Message>
