<?xml version="1.0" encoding="utf-8"?>
<HI1Message xmlns="http://uri.etsi.org/03120/common/2019/10/Core" xmlns:xsi="http://www.w3.org/2001/XMLSchema-instance" xmlns:common="http://uri.etsi.org/03120/common/2016/02/Common" xmlns:task="http://uri.etsi.org/03120/common/2020/09/Task" xmlns:auth="http://uri.etsi.org/03120/common/2020/09/Authorisation">
  <Header>
    <SenderIdentifier>
      <CountryCode>XX</CountryCode>
      <UniqueIdentifier>ACTOR01</UniqueIdentifier>
    </SenderIdentifier>
    <ReceiverIdentifier>
      <CountryCode>XX</CountryCode>
      <UniqueIdentifier>ACTOR02</UniqueIdentifier>
    </ReceiverIdentifier>
    <TransactionIdentifier>c02358b2-76cf-4ba4-a8eb-f6436ccaea2f</TransactionIdentifier>
    <Timestamp>2021-10-11T13:37:01.000000Z</Timestamp>
    <Version>
      <ETSIVersion>V1.12.1</ETSIVersion>
      <NationalProfileOwner>XX</NationalProfileOwner>
      <NationalProfileVersion>v1.0</NationalProfileVersion>
    </Version>
  </Header>
  <Payload>
    <ResponsePayload>
      <ActionResponses>
        <ActionResponse>
          <ActionIdentifier>0</ActionIdentifier>
          <CREATEResponse>
            <Identifier>7dbbc880-8750-4d3c-abe7-ea4a1764604f</Identifier>
          </CREATEResponse>
        </ActionResponse>
        <ActionResponse>
          <ActionIdentifier>1</ActionIdentifier>
          <CREATEResponse>
            <Identifier>2b36a78b-b628-416d-bd22-404e68a0cd3f</Identifier>
          </CREATEResponse>
        </ActionResponse>
      </ActionResponses>
    </ResponsePayload>
  </Payload>
</HI1Message>
