<?xml version="1.0" ?>
<ns1:X1Request xmlns:ns1="http://uri.etsi.org/03221/X1/2017/10" xmlns:ns2="http://uri.etsi.org/03280/common/2017/07" xmlns:xsi="http://www.w3.org/2001/XMLSchema-instance">
  <ns1:x1RequestMessage xsi:type="ns1:CreateDestinationRequest">
    <ns1:admfIdentifier>admfID</ns1:admfIdentifier>
    <ns1:neIdentifier>neID</ns1:neIdentifier>
    <ns1:messageTimestamp>2017-10-06T18:46:21.446605Z</ns1:messageTimestamp>
    <ns1:version>v1.6.1</ns1:version>
    <ns1:x1TransactionId>8e8ca539-e4dd-41f3-b1cb-acc2a5edece0</ns1:x1TransactionId>
    <ns1:destinationDetails>
      <ns1:dId>b0ce308c-aa17-42bd-a27b-287bcb5b3468</ns1:dId>
      <ns1:deliveryType>X2andX3</ns1:deliveryType>
      <ns1:deliveryAddress>
        <ns1:ipAddressAndPort>
          <ns2:address>
            <ns2:IPv4Address>192.0.2.2</ns2:IPv4Address>
          </ns2:address>
          <ns2:port>
            <ns2:TCPPort>12345</ns2:TCPPort>
          </ns2:port>
        </ns1:ipAddressAndPort>
      </ns1:deliveryAddress>
    </ns1:destinationDetails>
  </ns1:x1RequestMessage>
</ns1:X1Request>
