<?xml version="1.0" ?>
<ns1:X1Response xmlns:ns1="http://uri.etsi.org/03221/X1/2017/10" xmlns:xsi="http://www.w3.org/2001/XMLSchema-instance">
  <ns1:x1ResponseMessage xsi:type="ns1:DeactivateTaskResponse">
    <ns1:admfIdentifier>admfID</ns1:admfIdentifier>
    <ns1:neIdentifier>neID</ns1:neIdentifier>
    <ns1:messageTimestamp>2017-10-06T18:46:21.430594Z</ns1:messageTimestamp>
    <ns1:version>v1.6.1</ns1:version>
    <ns1:x1TransactionId>3da0df97-7bd5-4413-936d-74bebd7512fe</ns1:x1TransactionId>
    <ns1:oK>AcknowledgedAndCompleted</ns1:oK>
  </ns1:x1ResponseMessage>
</ns1:X1Response>
