<?xml version="1.0" ?>
<ns1:X1Request xmlns:ns1="http://uri.etsi.org/03221/X1/2017/10" xmlns:xsi="http://www.w3.org/2001/XMLSchema-instance">
  <ns1:x1RequestMessage xsi:type="ns1:GetAllDetailsRequest">
    <ns1:admfIdentifier>admfID</ns1:admfIdentifier>
    <ns1:neIdentifier>neID</ns1:neIdentifier>
    <ns1:messageTimestamp>2017-10-06T18:46:21.496243Z</ns1:messageTimestamp>
    <ns1:version>v1.6.1</ns1:version>
    <ns1:x1TransactionId>bfd0c982-b7d6-4a8e-80a0-89dab964aafd</ns1:x1TransactionId>
  </ns1:x1RequestMessage>
</ns1:X1Request>
