<?xml version="1.0" ?>
<ns1:X1Request xmlns:ns1="http://uri.etsi.org/03221/X1/2017/10" xmlns:xsi="http://www.w3.org/2001/XMLSchema-instance">
  <ns1:x1RequestMessage xsi:type="ns1:GetDestinationDetailsRequest">
    <ns1:admfIdentifier>admfID</ns1:admfIdentifier>
    <ns1:neIdentifier>neID</ns1:neIdentifier>
    <ns1:messageTimestamp>2017-10-06T18:46:21.462616Z</ns1:messageTimestamp>
    <ns1:version>v1.6.1</ns1:version>
    <ns1:x1TransactionId>7de5709c-8269-417f-a123-7087d3971f8c</ns1:x1TransactionId>
    <ns1:dId>b0ce308c-aa17-42bd-a27b-287bcb5b3468</ns1:dId>
  </ns1:x1RequestMessage>
</ns1:X1Request>
