<?xml version="1.0" ?>
<ns1:X1Request xmlns:ns1="http://uri.etsi.org/03221/X1/2017/10" xmlns:xsi="http://www.w3.org/2001/XMLSchema-instance">
  <ns1:x1RequestMessage xsi:type="ns1:ModifyTaskRequest">
    <ns1:admfIdentifier>admfID</ns1:admfIdentifier>
    <ns1:neIdentifier>neID</ns1:neIdentifier>
    <ns1:messageTimestamp>2017-10-06T18:46:21.411587Z</ns1:messageTimestamp>
    <ns1:version>v1.6.1</ns1:version>
    <ns1:x1TransactionId>fcfc97de-1c77-413d-9925-d1630acbf763</ns1:x1TransactionId>
    <ns1:taskDetails>
      <ns1:xId>29f28e1c-f230-486a-a860-f5a784ab9172</ns1:xId>
      <ns1:targetIdentifiers>
        <ns1:targetIdentifier>
          <ns1:e164Number>447700900000</ns1:e164Number>
        </ns1:targetIdentifier>
      </ns1:targetIdentifiers>
      <ns1:deliveryType>X2andX3</ns1:deliveryType>
      <ns1:listOfDIDs>
        <ns1:dId>1eb4406a-8b28-41fd-8f0f-e1a0a3eb5ff9</ns1:dId>
      </ns1:listOfDIDs>
    </ns1:taskDetails>
  </ns1:x1RequestMessage>
</ns1:X1Request>
