<?xml version="1.0" ?>
<ns1:X1Request xmlns:ns1="http://uri.etsi.org/03221/X1/2017/10" xmlns:xsi="http://www.w3.org/2001/XMLSchema-instance">
  <ns1:x1RequestMessage xsi:type="ns1:ReportNEIssueRequest">
    <ns1:admfIdentifier>admfID</ns1:admfIdentifier>
    <ns1:neIdentifier>neID</ns1:neIdentifier>
    <ns1:messageTimestamp>2017-10-06T18:46:21.531784Z</ns1:messageTimestamp>
    <ns1:version>v1.6.1</ns1:version>
    <ns1:x1TransactionId>c4cbb148-d3ee-46a9-8e1e-7446d6f91e3b</ns1:x1TransactionId>
    <ns1:typeOfNeIssueMessage>Warning</ns1:typeOfNeIssueMessage>
    <ns1:description>Example NE issue</ns1:description>
  </ns1:x1RequestMessage>
</ns1:X1Request>
