<?xml version="1.0" ?>
<ns1:X1Request xmlns:ns1="http://uri.etsi.org/03221/X1/2017/10" xmlns:xsi="http://www.w3.org/2001/XMLSchema-instance">
  <ns1:x1RequestMessage xsi:type="ns1:ReportTaskIssueRequest">
    <ns1:admfIdentifier>admfID</ns1:admfIdentifier>
    <ns1:neIdentifier>neID</ns1:neIdentifier>
    <ns1:messageTimestamp>2017-10-06T18:46:21.516321Z</ns1:messageTimestamp>
    <ns1:version>v1.6.1</ns1:version>
    <ns1:x1TransactionId>5f5ae0e4-58fe-4e4f-a949-3bb0d7b09295</ns1:x1TransactionId>
    <ns1:xId>29f28e1c-f230-486a-a860-f5a784ab9172</ns1:xId>
    <ns1:taskReportType>NonTerminatingFault</ns1:taskReportType>
    <ns1:taskIssueDetails>Example task issue</ns1:taskIssueDetails>
  </ns1:x1RequestMessage>
</ns1:X1Request>
