<?xml version="1.0" encoding="utf-8" ?>
<Dictionaries xmlns="http://uri.etsi.org/03280/common/2019/10/Dictionaries">
	<Dictionary>   											<!--ObjectType: see Clause 6.4.8 Table 6.14 -->
		<Owner>ETSI</Owner>
		<Name>ObjectType</Name>
		<DictionaryEntries>
			<DictionaryEntry>
				<Value>Authorisation</Value>
				<Meaning>An Authorisation Object as defined in section 7.2</Meaning>
			</DictionaryEntry>
			<DictionaryEntry>
				<Value>Document</Value>
				<Meaning>A Document Object as defined in section 7.3</Meaning>
			</DictionaryEntry>
			<DictionaryEntry>
				<Value>Notification</Value>
				<Meaning>A Notification Object as defined in section 7.4</Meaning>
			</DictionaryEntry>
			<DictionaryEntry>
				<Value>Task</Value>
				<Meaning>An LI Task Object as defined in section 8.2</Meaning>
			</DictionaryEntry>
            <DictionaryEntry>
                <Value>LDTask</Value>
                <Meaning>An LD Task Object as defined in section 8.3</Meaning>
            </DictionaryEntry>
            <DictionaryEntry>
                <Value>Delivery</Value>
                <Meaning>A Delivery Object as defined in section 10</Meaning>
            </DictionaryEntry>
		</DictionaryEntries>
	</Dictionary>
	<Dictionary>   											<!--AuthorisationLegalType: see Clause 7.2.3 Table 7.4 -->
		<Owner>ETSI</Owner>
		<Name>AuthorisationLegalType</Name>
		<DictionaryEntries>
			<DictionaryEntry>
				<Value>Manual</Value>
				<Meaning>The implementation should consult the AuthorisationManualInformation field for details on the type of legal Authorisation</Meaning>
			</DictionaryEntry>
		</DictionaryEntries>
	</Dictionary>
	<Dictionary>   											<!--AuthorisationPriority: see Clause 7.2.4 Table 7.5 -->
		<Owner>ETSI</Owner>
		<Name>AuthorisationPriority</Name>
		<DictionaryEntries>
			<DictionaryEntry>
				<Value>High</Value>
				<Meaning>An Authorisation has high priority</Meaning>
			</DictionaryEntry>
			<DictionaryEntry>
				<Value>Routine</Value>
				<Meaning>The Authorisation has a routine priority</Meaning>
			</DictionaryEntry>
		</DictionaryEntries>
	</Dictionary>
	<Dictionary>   											<!--AuthorisationStatus: see Clause 7.2.5 Table 7.6 -->
		<Owner>ETSI</Owner>
		<Name>AuthorisationStatus</Name>
		<DictionaryEntries>
			<DictionaryEntry>
				<Value>AwaitingApproval</Value>
				<Meaning>Authorisation is still waiting approval from one or more relevant authorities</Meaning>
			</DictionaryEntry>
			<DictionaryEntry>
				<Value>EmergencyApproval</Value>
				<Meaning>The Authorisation has been approved under emergency procedures</Meaning>
			</DictionaryEntry>
			<DictionaryEntry>
				<Value>Approved</Value>
				<Meaning>The Authorisation has been approved by the relevant authorities</Meaning>
			</DictionaryEntry>
			<DictionaryEntry>
				<Value>Rejected</Value>
				<Meaning>The Authorisation has been explicitly denied or rejected by one or more relevant authorities</Meaning>
			</DictionaryEntry>
			<DictionaryEntry>
				<Value>Suspended</Value>
				<Meaning>The Authorisation has been suspended temporarily</Meaning>
			</DictionaryEntry>
			<DictionaryEntry>
				<Value>Cancelled</Value>
				<Meaning>The Authorisation has been permanently cancelled</Meaning>
			</DictionaryEntry>
			<DictionaryEntry>
				<Value>Expired</Value>
				<Meaning>The expiry date for this Authorisation has passed, meaning that the Authorisation has lapsed.</Meaning>
			</DictionaryEntry>
			<DictionaryEntry>
				<Value>Invalid</Value>
				<Meaning>The Authorisation is not active due to a problem with the current information populated in the Authorisation Object.</Meaning>
			</DictionaryEntry>
		</DictionaryEntries>
	</Dictionary>
	<Dictionary>   											<!--AuthorisationDesiredStatus: see Clause 7.2.6 Table 7.7 -->
		<Owner>ETSI</Owner>
		<Name>AuthorisationDesiredStatus</Name>
		<DictionaryEntries>
			<DictionaryEntry>
				<Value>AwaitingApproval</Value>
				<Meaning>Authorisation is still waiting approval from one or more relevant authorities</Meaning>
			</DictionaryEntry>
			<DictionaryEntry>
				<Value>EmergencyApproval</Value>
				<Meaning>The Authorisation has been approved under emergency procedures</Meaning>
			</DictionaryEntry>
			<DictionaryEntry>
				<Value>Approved</Value>
				<Meaning>The Authorisation has been approved by the relevant authorities</Meaning>
			</DictionaryEntry>
			<DictionaryEntry>
				<Value>Rejected</Value>
				<Meaning>The Authorisation has been explicitly denied or rejected by one or more relevant authorities</Meaning>
			</DictionaryEntry>
			<DictionaryEntry>
				<Value>Suspended</Value>
				<Meaning>The Authorisation has been suspended temporarily</Meaning>
			</DictionaryEntry>
			<DictionaryEntry>
				<Value>Cancelled</Value>
				<Meaning>The Authorisation has been permanently cancelled</Meaning>
			</DictionaryEntry>
			<DictionaryEntry>
				<Value>Expired</Value>
				<Meaning>The expiry date for this Authorisation has passed, meaning that the Authorisation has lapsed.</Meaning>
			</DictionaryEntry>
		</DictionaryEntries>
	</Dictionary>
	<Dictionary>   											<!--AuthorisationFlags: see Clause 7.2.5 Table 7.6 -->
		<Owner>ETSI</Owner>
		<Name>AuthorisationFlag</Name>
		<DictionaryEntries>
			<DictionaryEntry>
				<Value>IsEmergency</Value>
				<Meaning>Indicates if the authorisation was issued under nationally-defined emergency procedures (e.g. orally). The circumstances and consequences for setting the field shall be defined by the relevant national profile</Meaning>
			</DictionaryEntry>
			<DictionaryEntry>
				<Value>IsConsensual</Value>
				<Meaning>Indicates that the current authorisation is for consensual interception. This may alter the process or documentation accompanying the authorisation</Meaning>
			</DictionaryEntry>
			<DictionaryEntry>
				<Value>IsTest</Value>
				<Meaning>Indicates that the current authorisation is given for test purposes. This may alter the process or documentation accompanying the authorisation</Meaning>
			</DictionaryEntry>
		</DictionaryEntries>
	</Dictionary>
	<Dictionary>   											<!--AuthorisationTypeOfCase: see Clause 7.2.14 -->
        <Owner>ETSI</Owner>
        <Name>AuthorisationTypeOfCase</Name>
        <DictionaryEntries>
            <DictionaryEntry>
                <Value>NotSpecified</Value>
                <Meaning>The type of case is not specified</Meaning>
            </DictionaryEntry>
        </DictionaryEntries>
    </Dictionary>
	<Dictionary>   											<!--DocumentStatus: see Clause 7.3.4 Table 7.11 -->
		<Owner>ETSI</Owner>
		<Name>DocumentStatus</Name>
		<DictionaryEntries>
			<DictionaryEntry>
				<Value>AwaitingApproval</Value>
				<Meaning>The Document is still waiting approval from one or more relevant authorities</Meaning>
			</DictionaryEntry>
			<DictionaryEntry>
				<Value>Approved</Value>
				<Meaning>The Document has been approved by the relevant authorities</Meaning>
			</DictionaryEntry>
			<DictionaryEntry>
				<Value>Rejected</Value>
				<Meaning>The Document has been explicitly denied or rejected by one or more relevant authorities</Meaning>
			</DictionaryEntry>
			<DictionaryEntry>
				<Value>Suspended</Value>
				<Meaning>The Document has been suspended temporarily</Meaning>
			</DictionaryEntry>
			<DictionaryEntry>
				<Value>Cancelled</Value>
				<Meaning>The Document has been permanently cancelled</Meaning>
			</DictionaryEntry>
			<DictionaryEntry>
				<Value>Expired</Value>
				<Meaning>The expiry date for this Document has passed.</Meaning>
			</DictionaryEntry>
			<DictionaryEntry>
				<Value>Invalid</Value>
				<Meaning>The Document is invalid due to a problem with the current information populated in the Document Object.</Meaning>
			</DictionaryEntry>
		</DictionaryEntries>
	</Dictionary>
	<Dictionary>   											<!--DocumentDesiredStatus: see Clause 7.3.5 Table 7.12 -->
		<Owner>ETSI</Owner>
		<Name>DocumentDesiredStatus</Name>
		<DictionaryEntries>
			<DictionaryEntry>
				<Value>AwaitingApproval</Value>
				<Meaning>The Document is still waiting approval from one or more relevant authorities</Meaning>
			</DictionaryEntry>
			<DictionaryEntry>
				<Value>Approved</Value>
				<Meaning>The Document has been approved by the relevant authorities</Meaning>
			</DictionaryEntry>
			<DictionaryEntry>
				<Value>Rejected</Value>
				<Meaning>The Document has been explicitly denied or rejected by one or more relevant authorities</Meaning>
			</DictionaryEntry>
			<DictionaryEntry>
				<Value>Suspended</Value>
				<Meaning>The Document has been suspended temporarily</Meaning>
			</DictionaryEntry>
			<DictionaryEntry>
				<Value>Cancelled</Value>
				<Meaning>The Document has been permanently cancelled</Meaning>
			</DictionaryEntry>
			<DictionaryEntry>
				<Value>Expired</Value>
				<Meaning>The expiry date for this Document has passed.</Meaning>
			</DictionaryEntry>
		</DictionaryEntries>
	</Dictionary>
	<Dictionary>   											<!--DocumentType: see Clause 7.3.7 Table 7.14 -->
		<Owner>ETSI</Owner>
		<Name>DocumentType</Name>
		<DictionaryEntries>
			<DictionaryEntry>
				<Value>Warrant</Value>
				<Meaning>This Document represents a legal warrant</Meaning>
			</DictionaryEntry>
		</DictionaryEntries>
	</Dictionary>
	<Dictionary>   											<!--NotificationType: see Clause 7.4.3 Table 7.18 -->
		<Owner>ETSI</Owner>
		<Name>NotificationType</Name>
		<DictionaryEntries>
			<DictionaryEntry>
				<Value>General</Value>
				<Meaning>A general notification that a change has occurred with the specified Objects</Meaning>
			</DictionaryEntry>
		</DictionaryEntries>
	</Dictionary>
	<Dictionary>   											<!--TrafficAction: see Clause 7.6.3 -->
        <Owner>ETSI</Owner>
        <Name>TrafficAction</Name>
        <DictionaryEntries>
            <DictionaryEntry>
                <Value>PDSR</Value>
                <Meaning>Traffic that matches this policy is delivered as Packet Data Summary Reports</Meaning>
            </DictionaryEntry>
            <DictionaryEntry>
                <Value>PDHR</Value>
                <Meaning>Traffic that matches this policy is delivered as Packet Data Header Reports</Meaning>
            </DictionaryEntry>
            <DictionaryEntry>
                <Value>NotDelivered</Value>
                <Meaning>Traffic that matches this policy is not delivered</Meaning>
            </DictionaryEntry>
        </DictionaryEntries>
    </Dictionary>	
	<Dictionary>   											<!--TaskStatus: see Clause 8.2.3 Table 8.2 -->
		<Owner>ETSI</Owner>
		<Name>TaskStatus</Name>
		<DictionaryEntries>
			<DictionaryEntry>
				<Value>AwaitingApproval</Value>
				<Meaning>The Task is still waiting approval from one or more relevant authorities</Meaning>
			</DictionaryEntry>
			<DictionaryEntry>
				<Value>AwaitingProvisioning</Value>
				<Meaning>The Task is approved, but is not yet provisioned in the LI system</Meaning>
			</DictionaryEntry>
			<DictionaryEntry>
				<Value>Active</Value>
				<Meaning>The Task is active and can produce LI traffic</Meaning>
			</DictionaryEntry>
			<DictionaryEntry>
				<Value>Rejected</Value>
				<Meaning>The Task has been explicitly denied or rejected by one or more relevant authorities</Meaning>
			</DictionaryEntry>
			<DictionaryEntry>
				<Value>Suspended</Value>
				<Meaning>The Task has been suspended temporarily</Meaning>
			</DictionaryEntry>
			<DictionaryEntry>
				<Value>Cancelled</Value>
				<Meaning>The Task has been permanently cancelled</Meaning>
			</DictionaryEntry>
			<DictionaryEntry>
				<Value>Expired</Value>
				<Meaning>The Task date for this Document has passed, meaning that the Task has lapsed</Meaning>
			</DictionaryEntry>
			<DictionaryEntry>
				<Value>Error</Value>
				<Meaning>The Task is not active due to a problem with the underlying LI system</Meaning>
			</DictionaryEntry>
			<DictionaryEntry>
				<Value>Invalid</Value>
				<Meaning>The Task is not active due to a problem with the current information populated in the Task Object</Meaning>
			</DictionaryEntry>
		</DictionaryEntries>
	</Dictionary>
	<Dictionary>   											<!--TaskDesiredStatus: see Clause 8.3.3 Table 8.3 -->
		<Owner>ETSI</Owner>
		<Name>TaskDesiredStatus</Name>
		<DictionaryEntries>
			<DictionaryEntry>
				<Value>AwaitingApproval</Value>
				<Meaning>The Task is still waiting approval from one or more relevant authorities</Meaning>
			</DictionaryEntry>
			<DictionaryEntry>
				<Value>AwaitingProvisioning</Value>
				<Meaning>The Task is approved, but is not yet provisioned in the LI system</Meaning>
			</DictionaryEntry>
			<DictionaryEntry>
				<Value>Active</Value>
				<Meaning>The Task is active and can produce LI traffic</Meaning>
			</DictionaryEntry>
			<DictionaryEntry>
				<Value>Rejected</Value>
				<Meaning>The Task has been explicitly denied or rejected by one or more relevant authorities</Meaning>
			</DictionaryEntry>
			<DictionaryEntry>
				<Value>Suspended</Value>
				<Meaning>The Task has been suspended temporarily</Meaning>
			</DictionaryEntry>
			<DictionaryEntry>
				<Value>Cancelled</Value>
				<Meaning>The Task has been permanently cancelled</Meaning>
			</DictionaryEntry>
			<DictionaryEntry>
				<Value>Expired</Value>
				<Meaning>The Task date for this Document has passed, meaning that the Task has lapsed</Meaning>
			</DictionaryEntry>
		</DictionaryEntries>
	</Dictionary>
	<Dictionary>   											<!--TaskServiceType: see Clause 8.2.6.4 Table 8.9 -->
		<Owner>ETSI</Owner>
		<Name>TaskServiceType</Name>
		<DictionaryEntries></DictionaryEntries>           	<!--No definition so far -->
	</Dictionary>
	<Dictionary>   											<!--TaskDeliveryType: see Clause 8.2.7 Table 8.10 -->
		<Owner>ETSI</Owner>
		<Name>TaskDeliveryType</Name>
		<DictionaryEntries>
			<DictionaryEntry>
				<Value>IRIOnly</Value>
				<Meaning>Only IRI is delivered</Meaning>
			</DictionaryEntry>
			<DictionaryEntry>
				<Value>CCOnly</Value>
				<Meaning>Only CC is delivered</Meaning>
			</DictionaryEntry>
			<DictionaryEntry>
				<Value>IRIandCC</Value>
				<Meaning>Both IRI and CC is delivered</Meaning>
			</DictionaryEntry>
		</DictionaryEntries>
	</Dictionary>
	<Dictionary>   											<!--HandoverFormat: see Clause 8.2.8.4 Table 8.13 -->
		<Owner>ETSI</Owner>
		<Name>HandoverFormat</Name>
		<DictionaryEntries>
			<DictionaryEntry>
				<Value>TS102232-2</Value>
				<Meaning>Handed over in TS 102 232 part 2 format</Meaning>
			</DictionaryEntry>
			<DictionaryEntry>
				<Value>TS102232-3</Value>
				<Meaning>Handed over in TS 102 232 part 3 format</Meaning>
			</DictionaryEntry>
			<DictionaryEntry>
				<Value>TS102232-4</Value>
				<Meaning>Handed over in TS 102 232 part 4 format</Meaning>
			</DictionaryEntry>
			<DictionaryEntry>
				<Value>TS102232-5</Value>
				<Meaning>Handed over in TS 102 232 part 5 format</Meaning>
			</DictionaryEntry>
			<DictionaryEntry>
				<Value>TS102232-6</Value>
				<Meaning>Handed over in TS 102 232 part 6 format</Meaning>
			</DictionaryEntry>
			<DictionaryEntry>
				<Value>TS102232-7</Value>
				<Meaning>Handed over in TS 102 232 part 7 format</Meaning>
			</DictionaryEntry>
		</DictionaryEntries>
	</Dictionary>
	<Dictionary>   											<!--TaskFlag: see Clause 8.2.12 Table 8.14 -->
		<Owner>ETSI</Owner>
		<Name>TaskFlag</Name>
		<DictionaryEntries>
			<DictionaryEntry>
				<Value>IsTest</Value>
				<Meaning>Indicates that the current Task is for test purposes. This may alter the process or documentation accompanying the authorisation</Meaning>
			</DictionaryEntry>
			<DictionaryEntry>
				<Value>IsEmergency</Value>
				<Meaning>Indicates if the LI Task was issued under nationally-defined emergency procedures. The circumstances and consequences for setting the field shall be defined by the relevant national profile (see clause B.1.3)</Meaning>
			</DictionaryEntry>
			<DictionaryEntry>
				<Value>IsNonLocal</Value>
				<Meaning>Indicates that the current Task shall be intercepted as a non-local identity.</Meaning>
			</DictionaryEntry>
			<DictionaryEntry>
				<Value>IsLocal</Value>
				<Meaning>Indicates that the current Task shall be intercepted as local identity. If both the IsNonLocal and IsLocal flag are absent, the Task shall be intercepted as a local identity unless otherwise agreed.</Meaning>
			</DictionaryEntry>
		</DictionaryEntries>
	</Dictionary>
    <Dictionary>   											<!--LDTaskStatus: see Clause 8.3.3 Table 8.16 -->
		<Owner>ETSI</Owner>
		<Name>LDTaskStatus</Name>
		<DictionaryEntries>
			<DictionaryEntry>
				<Value>AwaitingApproval</Value>
				<Meaning>The Task is still waiting approval from one or more relevant authorities</Meaning>
			</DictionaryEntry>
			<DictionaryEntry>
				<Value>AwaitingDisclosure</Value>
				<Meaning>The Task is approved, but is not yet processed by the LD system</Meaning>
			</DictionaryEntry>
			<DictionaryEntry>
				<Value>Disclosed</Value>
				<Meaning>The Task has been processed and the product has been disclosed by the LD system</Meaning>
			</DictionaryEntry>
			<DictionaryEntry>
				<Value>DisclosureNotAvailable</Value>
				<Meaning>The Task has been processed and the CSP has determined there is no product available to disclosure</Meaning>
			</DictionaryEntry>
			<DictionaryEntry>
				<Value>Rejected</Value>
				<Meaning>The Task has been explicitly denied or rejected by one or more relevant authorities.</Meaning>
			</DictionaryEntry>
			<DictionaryEntry>
				<Value>Cancelled</Value>
				<Meaning>The Task has been permanently cancelled</Meaning>
			</DictionaryEntry>
			<DictionaryEntry>
				<Value>Error</Value>
				<Meaning>The Task has not been processed due to a problem with the underlying LD system</Meaning>
			</DictionaryEntry>
			<DictionaryEntry>
				<Value>Invalid</Value>
				<Meaning>The Task is not active due to a problem with the current information populated in the Task Object</Meaning>
			</DictionaryEntry>
		</DictionaryEntries>
	</Dictionary>
	<Dictionary>   											<!--LDTaskDesiredStatus: see Clause 8.3.4 Table 8.17 -->
		<Owner>ETSI</Owner>
		<Name>LDTaskDesiredStatus</Name>
		<DictionaryEntries>
			<DictionaryEntry>
				<Value>AwaitingApproval</Value>
				<Meaning>The Task is still waiting approval from one or more relevant authorities</Meaning>
			</DictionaryEntry>
			<DictionaryEntry>
				<Value>AwaitingDisclosure</Value>
				<Meaning>The Task is approved, but is not yet processed by the LD system</Meaning>
			</DictionaryEntry>
			<DictionaryEntry>
				<Value>Disclosed</Value>
				<Meaning>The Task has been processed and the product has been disclosed by the LD system</Meaning>
			</DictionaryEntry>
			<DictionaryEntry>
				<Value>Rejected</Value>
				<Meaning>The Task has been explicitly denied or rejected by one or more relevant authorities.</Meaning>
			</DictionaryEntry>
			<DictionaryEntry>
				<Value>Cancelled</Value>
				<Meaning>The Task has been permanently cancelled</Meaning>
			</DictionaryEntry>
		</DictionaryEntries>
	</Dictionary>
<Dictionary>   											<!--RequestType: see Clause 8.3.5.2 Table 8.19 -->
		<Owner>ETSI</Owner>
		<Name>RequestType</Name>
		<DictionaryEntries></DictionaryEntries> 		<!--No definition so far -->
	</Dictionary>
	<Dictionary>   											<!--LDHandoverFormat: see Clause 8.3.5.2 Table 8.19 -->
        <Owner>ETSI</Owner>
        <Name>LDHandoverFormat</Name>
        <DictionaryEntries>
            <DictionaryEntry>
                <Value>TS102657</Value>
                <Meaning>Handed over in ETSI TS 102 657 format, using HI-B</Meaning>
            </DictionaryEntry>
            <DictionaryEntry>
                <Value>EncapsulatedTS102657</Value>
                <Meaning>Handed over as ETSI TS 102 657 format using the DeliveryObject as described in clause 10</Meaning>
            </DictionaryEntry>
            <DictionaryEntry>
                <Value>TS103120</Value>
                <Meaning>Handed over using the DeliveryObject as described in clause 10</Meaning>
            </DictionaryEntry>
            <DictionaryEntry>
                <Value>TS103707</Value>
                <Meaning>Handed over as ETSI TS 103 707, using the DeliveryObject as described in clause 10</Meaning>
            </DictionaryEntry>
        </DictionaryEntries>
    </Dictionary>
	<Dictionary>   											<!--LDTaskFlag: see Clause 8.3.7 Table 8.25 -->
		<Owner>ETSI</Owner>
		<Name>LDTaskFlag</Name>
		<DictionaryEntries>
			<DictionaryEntry>
				<Value>IsTest</Value>
				<Meaning>Indicates that the current Task is for test purposes. This may alter the process or documentation accompanying the authorisation</Meaning>
			</DictionaryEntry>
			<DictionaryEntry>
				<Value>IsEmergency</Value>
				<Meaning>Indicates if the LD Task was issued under nationally-defined emergency procedures. The circumstances and consequences for setting the field shall be defined by the relevant national profile (see clause B.1.3)</Meaning>
			</DictionaryEntry>
			<DictionaryEntry>
				<Value>IsNonLocal</Value>
				<Meaning>Indicates that the current Task shall disclose information about a non-local identity.</Meaning>
			</DictionaryEntry>
			<DictionaryEntry>
				<Value>IsLocal</Value>
				<Meaning>Indicates that the current Task shall disclose information about a local identity. If both the IsNonLocal and IsLocal flag are absent, the identity provided within the Task shall be considered as a local identity unless otherwise agreed.</Meaning>
			</DictionaryEntry>
		</DictionaryEntries>
	</Dictionary>
	<Dictionary>   											<!--ManifestSpecification: see Clause 10.2.2 Table 10.3 -->
        <Owner>ETSI</Owner>
        <Name>ManifestSpecification</Name>
        <DictionaryEntries>
            <DictionaryEntry>
                <Value>TS102657-ASN.1</Value>
                <Meaning>Delievery according to ETSI TS 102 657 using ASN.1 encoding</Meaning>
            </DictionaryEntry>
			<DictionaryEntry>
                <Value>TS102657-XML</Value>
                <Meaning>Delievery according to ETSI TS 102 657 using XML encoding</Meaning>
            </DictionaryEntry>
        </DictionaryEntries>
    </Dictionary>
</Dictionaries>
